---,RoomName,FloorSize,WallData,RoomHeight,Doors,Windows
Name1,"Dining Room","(X=500.000000,Y=1000.000000)","((LocationXY=(X=0.000000,Y=0.000000),Size=(X=500.000000,Y=10.000000,Z=0.000000)),(LocationXY=(X=0.000000,Y=0.000000),Size=(X=10.000000,Y=800.000000,Z=0.000000)),(LocationXY=(X=0.000000,Y=900.000000),Size=(X=10.000000,Y=100.000000,Z=0.000000)),(LocationXY=(X=0.000000,Y=1000.000000),Size=(X=500.000000,Y=10.000000,Z=0.000000)),(LocationXY=(X=500.000000,Y=0.000000),Size=(X=10.000000,Y=300.000000,Z=0.000000)),(LocationXY=(X=500.000000,Y=700.000000),Size=(X=10.000000,Y=300.000000,Z=0.000000)))","300.000000","((LocationXY=(X=0.000000,Y=800.000000),Size=(X=10.000000,Y=100.000000,Z=200.000000)))","((LocationXY=(X=500.000000,Y=300.000000),Size=(X=10.000000,Y=400.000000,Z=150.000000)))"
